revenue,production_cost,promotional_cost,book_sales
85.09999847,8.5,5.099999905,4.699999809
106.3000031,12.89999962,5.800000191,8.800000191
50.20000076,5.199999809,2.099999905,15.10000038
130.6000061,10.69999981,8.399998665,12.19999981
54.79999924,3.099999905,2.900000095,10.60000038
30.29999924,3.5,1.200000048,3.5
79.40000153,9.199999809,3.700000048,9.699999809
91,9,7.599999905,5.900000095
135.3999939,15.10000038,7.699999809,20.79999924
89.30000305,10.19999981,4.5,7.900000095